employee_id,job_satisfaction,environment_satisfaction,relationship_satisfaction,work_life_balance,job_involvement,performance_rating
1,4,2,1,1,3,3
2,2,3,4,3,2,4
4,3,4,2,3,2,3
5,3,4,3,3,3,3
7,2,1,4,3,3,3
8,4,4,3,2,3,3
10,1,3,1,2,4,4
11,3,4,2,3,3,4
12,3,4,2,3,2,4
13,3,3,2,2,3,3
14,2,1,3,3,4,3
15,3,4,4,3,2,3
16,3,1,4,2,3,3
18,4,2,3,3,3,3
19,3,3,2,3,2,3
20,1,2,3,3,4,3
21,2,1,4,2,4,3
22,4,4,2,2,4,3
23,4,1,3,3,2,3
24,4,4,3,3,3,3
26,3,1,4,2,4,3
27,1,3,2,3,2,4
28,2,1,3,3,3,3
30,4,3,4,3,3,3
31,1,2,3,3,3,3
32,3,3,4,2,3,3
33,1,2,2,3,1,4
35,2,3,4,3,3,3
36,4,1,4,3,2,3
38,1,2,4,2,3,3
39,4,3,4,3,3,3
40,4,4,4,4,3,3
41,3,4,1,3,2,3
42,4,4,3,4,3,3
45,4,2,1,2,3,3
46,3,4,4,2,4,3
47,3,1,3,3,2,3
49,4,4,1,3,3,3
51,1,2,4,4,2,3
52,1,3,1,3,4,3
53,4,3,3,3,3,3
54,1,4,4,3,3,3
55,3,1,3,2,1,3
56,3,4,4,3,3,3
57,4,3,4,3,3,4
58,3,2,4,3,3,3
60,3,2,3,3,3,4
61,2,2,1,3,3,4
62,4,1,3,3,3,4
63,4,4,4,3,4,3
64,3,1,4,3,2,3
65,3,3,3,2,3,3
68,1,2,3,2,3,4
70,1,3,3,3,2,3
72,4,3,3,2,2,3
73,4,1,3,3,3,3
74,1,2,4,2,3,4
75,1,3,3,3,3,3
76,4,4,4,2,3,4
77,3,1,3,4,2,3
78,4,1,2,3,3,4
79,4,4,4,3,3,3
80,3,2,4,2,2,3
81,1,1,4,2,3,3
83,3,3,2,3,3,3
84,3,4,3,3,3,3
85,2,2,3,3,2,3
86,1,2,3,3,3,3
88,1,2,4,2,3,3
90,3,4,1,2,2,3
91,3,1,4,2,2,3
94,2,3,4,3,3,4
95,2,3,2,3,3,3
96,2,2,2,3,3,3
97,4,2,2,3,4,3
98,4,3,4,3,3,4
100,1,3,2,3,2,3
101,1,4,2,4,3,3
102,3,1,1,4,3,3
103,2,2,4,3,3,4
104,4,4,3,2,2,3
105,3,2,1,3,2,3
106,4,1,4,3,3,3
107,4,2,4,3,1,3
110,2,1,3,3,3,3
112,4,4,1,2,1,3
113,1,3,3,3,3,3
116,4,4,2,3,3,4
117,4,3,1,3,2,3
118,4,3,4,3,2,3
119,2,3,4,2,2,4
120,4,3,4,1,3,4
121,2,3,2,2,2,3
124,1,3,3,2,2,3
125,3,2,1,3,3,3
126,3,1,1,1,3,3
128,3,1,1,2,3,4
129,3,2,2,4,3,3
131,3,4,3,2,3,3
132,2,2,3,4,3,3
133,1,3,4,3,3,4
134,1,4,4,3,3,3
137,4,4,2,3,2,3
138,3,1,3,3,3,3
139,4,3,4,4,2,3
140,4,3,4,3,2,4
141,2,1,1,2,3,3
142,3,3,4,3,2,3
143,4,4,3,3,2,3
144,4,2,3,3,3,3
145,1,1,3,2,2,4
147,3,1,4,3,1,4
148,4,4,3,3,4,3
150,3,2,3,3,3,3
151,2,3,3,3,2,3
152,4,3,1,3,3,3
153,1,3,4,3,2,3
154,4,2,3,3,3,3
155,4,1,1,3,3,4
158,4,3,4,4,3,3
159,3,1,3,2,1,4
160,2,3,1,4,3,3
161,2,2,1,3,3,3
162,3,1,3,3,3,3
163,3,2,2,2,1,3
164,2,3,3,2,2,3
165,4,4,4,2,3,3
167,3,4,4,2,3,3
169,4,3,3,3,3,3
170,1,3,3,2,3,3
171,3,2,4,3,4,3
174,4,3,4,3,3,3
175,3,2,3,3,1,3
176,3,3,3,3,3,3
177,3,3,4,3,3,4
178,2,2,4,3,3,4
179,4,1,4,3,1,3
182,3,4,3,4,2,3
183,3,1,4,3,2,3
184,4,3,4,1,3,3
190,1,1,1,4,3,4
192,4,3,2,2,3,3
193,3,4,2,3,3,4
194,3,1,3,2,3,3
195,4,4,4,4,1,3
197,1,4,4,3,3,3
198,4,2,4,3,2,3
199,1,4,2,2,2,3
200,1,3,4,3,3,4
201,2,2,4,3,3,3
202,2,2,1,3,3,3
204,2,3,1,3,3,3
205,3,2,4,1,3,4
206,2,2,3,1,3,3
207,4,2,4,3,3,3
208,3,4,1,3,3,3
211,3,2,3,3,2,3
214,2,2,2,2,2,4
215,4,3,1,2,2,3
216,3,3,4,3,3,3
217,4,3,1,3,3,4
218,2,4,4,1,3,3
221,4,3,3,1,3,3
223,4,3,2,1,4,3
224,3,3,4,2,2,3
226,2,3,2,3,3,3
227,3,1,1,3,3,3
228,4,2,3,3,3,3
230,4,1,3,4,2,4
231,3,3,1,3,3,4
233,2,3,4,2,3,3
235,1,3,1,4,1,4
238,2,4,3,2,3,3
239,1,3,3,3,3,3
240,1,3,1,4,3,3
241,1,3,3,3,3,3
242,4,3,1,4,3,3
243,4,2,3,2,2,4
244,1,2,3,3,3,4
245,4,3,3,3,3,3
246,4,3,3,3,3,4
247,2,4,4,3,3,3
248,2,2,4,2,3,4
249,3,3,4,2,2,3
250,1,4,3,3,4,3
252,2,4,4,3,3,3
253,3,4,2,3,3,3
254,2,3,4,3,4,3
256,3,4,3,2,2,3
258,2,4,3,3,3,3
259,3,3,1,3,2,3
260,2,4,4,2,3,3
261,3,2,1,3,2,3
262,4,4,4,4,4,3
264,4,1,4,3,2,4
267,1,2,1,2,4,3
269,2,2,4,3,3,3
270,3,3,2,3,3,3
271,3,4,2,3,3,3
273,4,4,1,1,3,3
274,1,3,3,3,2,3
275,4,4,1,3,3,3
277,3,4,4,4,3,3
281,4,3,3,4,3,3
282,1,2,2,3,3,3
283,4,2,4,2,3,4
284,2,4,1,2,4,3
286,4,2,1,3,3,3
287,4,4,4,1,2,3
288,1,4,3,3,3,3
291,4,4,3,2,1,3
292,3,3,3,3,2,4
293,3,4,4,3,3,3
296,2,2,4,1,2,3
297,1,4,3,3,3,3
298,4,4,3,3,3,3
299,1,3,3,2,2,3
300,3,3,4,2,3,3
302,4,4,4,3,2,3
303,1,4,4,3,3,3
304,2,4,4,4,3,3
305,2,3,4,3,2,4
306,4,2,3,3,3,3
307,3,1,3,2,3,3
308,3,3,4,3,1,3
309,4,3,1,3,2,3
311,4,1,3,3,3,3
312,4,2,4,3,3,3
314,3,3,1,4,3,3
315,4,3,3,2,2,3
316,4,3,2,2,2,3
319,4,3,4,3,3,3
321,3,2,4,2,3,3
323,4,4,3,2,3,3
325,4,3,3,1,3,3
327,4,4,3,3,3,4
328,1,1,1,4,3,4
329,3,1,4,4,2,3
330,2,3,1,3,3,3
331,3,4,4,1,2,3
332,3,3,3,3,3,3
333,4,3,1,3,3,3
334,1,3,1,2,3,3
335,4,1,1,3,3,3
336,4,3,3,3,4,3
337,3,2,1,3,3,3
338,4,3,3,2,2,3
339,1,4,2,3,2,3
340,1,3,1,2,2,3
341,3,1,4,3,4,3
342,3,1,2,3,3,3
343,3,3,4,3,3,4
346,4,3,1,3,3,3
347,1,4,3,3,4,3
349,4,4,4,3,3,3
350,3,1,4,3,3,3
351,1,4,3,3,2,3
352,3,1,4,3,3,3
353,4,3,2,2,3,3
355,2,3,2,4,2,3
359,2,2,3,1,4,4
361,4,4,4,3,2,3
362,1,4,4,3,2,3
363,2,3,2,2,1,3
364,3,1,3,1,3,3
366,2,1,2,3,2,3
367,4,2,2,3,2,4
369,1,2,4,3,4,3
372,4,3,2,3,3,3
373,4,4,3,3,3,3
374,1,4,3,3,3,3
376,2,1,4,2,3,3
377,4,4,4,2,3,4
378,4,3,2,4,3,3
379,3,4,1,4,2,3
380,4,1,1,3,3,3
381,2,2,2,2,4,3
382,1,1,3,3,4,4
384,2,3,1,1,3,4
385,2,1,1,2,3,3
386,3,3,4,2,3,3
387,3,2,3,3,3,4
388,4,2,1,2,3,3
389,4,2,4,3,3,3
390,1,1,3,3,3,3
391,4,4,2,3,3,3
392,3,4,4,1,3,4
393,4,4,2,3,3,3
394,2,1,4,3,3,3
395,4,4,4,3,3,4
396,1,3,4,3,3,3
397,2,3,4,3,3,3
399,2,4,3,2,3,3
401,4,4,2,3,2,3
403,4,2,3,2,3,3
404,2,3,4,4,3,3
405,3,3,3,3,3,3
406,2,3,3,2,3,3
407,4,3,4,3,4,3
408,2,4,4,3,1,3
410,2,4,2,3,3,3
411,3,4,1,3,2,3
412,1,2,3,3,4,3
416,4,2,2,2,4,3
417,4,3,1,2,4,3
419,2,2,3,3,3,3
420,3,4,3,2,2,3
421,2,1,3,3,2,3
422,3,4,4,3,1,3
423,4,3,3,3,3,3
424,1,1,4,3,2,3
425,1,1,1,3,3,3
426,4,3,2,1,3,3
428,2,4,2,3,3,3
429,1,3,4,3,3,3
430,4,3,1,3,3,3
431,3,3,4,3,2,3
433,2,3,1,2,2,3
434,2,3,2,2,3,3
436,2,3,4,3,2,3
437,3,4,1,3,3,3
438,4,4,4,3,3,3
439,4,1,3,2,4,3
440,4,1,4,2,1,3
441,4,4,4,3,3,3
442,3,3,1,3,2,4
444,4,3,1,3,2,3
445,3,4,1,2,3,3
446,4,2,3,2,2,3
447,3,4,2,3,3,3
448,3,3,2,4,2,3
449,2,3,4,3,3,3
450,3,4,4,2,3,3
451,1,3,1,2,3,3
452,4,4,1,3,3,3
453,4,2,3,2,1,4
454,1,2,4,2,1,3
455,4,2,3,3,2,3
456,3,4,3,3,2,3
458,2,2,1,3,3,3
460,4,4,3,2,3,3
461,4,3,2,3,2,3
462,4,3,3,2,3,3
463,2,4,1,3,2,3
464,2,3,4,3,3,3
465,4,3,3,2,3,3
466,2,4,4,3,2,3
467,3,2,1,3,3,3
468,4,1,2,3,3,3
469,3,4,1,2,3,3
470,3,3,3,3,3,3
471,2,3,3,3,3,3
473,3,1,2,1,3,4
474,1,3,1,3,4,3
475,3,4,2,4,3,3
476,3,3,2,3,3,3
477,4,1,2,3,2,4
478,2,1,3,3,2,3
479,4,4,2,3,3,3
481,4,1,1,3,2,3
482,3,4,3,3,3,3
483,3,4,3,3,4,3
484,4,1,3,2,3,4
485,3,4,2,3,3,3
486,1,3,2,3,3,4
487,3,3,3,4,3,3
488,2,1,3,3,3,3
491,4,4,4,3,2,3
492,3,3,1,3,2,3
493,2,3,4,3,2,3
494,2,3,4,3,4,3
495,4,4,4,3,3,3
496,2,3,3,3,2,3
497,2,4,2,3,3,3
498,4,2,4,3,3,3
499,3,2,3,3,2,4
500,4,3,3,2,3,3
501,3,4,2,3,3,3
502,4,1,2,2,4,3
505,4,3,3,3,3,3
507,3,4,4,4,3,3
508,2,3,1,3,3,3
510,1,3,3,3,3,4
511,2,1,4,3,3,3
513,3,2,2,3,2,3
514,4,3,3,3,3,4
515,1,4,3,2,3,3
516,2,4,3,3,3,3
517,1,2,2,3,3,3
518,2,3,4,2,3,3
520,2,1,3,3,2,3
521,3,2,2,3,2,4
522,1,1,3,2,3,3
523,3,3,1,3,3,3
524,1,2,2,1,3,3
525,4,4,1,3,3,4
526,3,3,4,3,3,3
527,4,2,2,3,2,3
529,3,2,1,3,3,3
530,1,4,3,3,2,3
531,3,2,3,3,3,3
532,1,3,4,2,4,3
533,3,2,2,3,3,3
534,1,2,3,3,4,3
536,1,3,4,3,3,3
538,1,1,3,3,3,3
543,3,4,3,3,2,3
544,4,1,4,2,3,4
546,4,4,4,1,3,3
547,3,1,2,3,3,3
548,4,3,3,3,1,4
549,1,1,4,1,3,3
550,3,3,3,2,3,3
551,4,4,4,4,2,3
554,2,1,2,3,3,3
555,3,4,4,2,1,3
556,4,4,3,3,3,4
558,3,3,4,3,3,3
560,4,1,2,1,3,4
562,4,3,3,1,3,3
564,3,2,3,3,2,3
565,2,3,2,4,2,3
566,4,1,3,4,2,3
567,1,3,3,3,3,3
568,4,1,3,2,2,3
569,3,2,2,3,2,3
571,4,3,3,2,3,3
573,1,3,4,4,2,3
574,4,1,3,3,3,3
575,3,1,3,1,3,3
577,3,4,3,3,1,3
578,3,3,3,3,3,3
579,3,4,3,3,2,3
580,4,3,3,3,2,3
581,2,3,4,4,3,4
582,3,2,4,4,3,3
584,4,1,1,3,1,3
585,2,4,1,3,3,3
586,3,4,3,3,3,3
587,3,1,1,3,3,3
590,1,2,3,3,3,3
591,3,2,4,3,3,3
592,4,2,4,2,3,3
593,3,3,3,3,2,3
595,4,2,1,3,3,3
597,2,1,4,3,3,4
599,4,4,4,3,3,3
600,3,2,3,3,3,3
601,3,2,3,3,3,3
602,3,3,1,3,3,3
604,4,2,3,4,3,3
605,1,4,4,2,3,4
606,2,4,2,4,3,3
608,3,2,2,2,3,3
611,4,4,2,4,3,3
612,3,1,3,3,4,3
613,4,3,3,2,2,4
614,2,2,4,3,3,3
615,1,3,3,3,1,3
616,3,1,1,3,2,3
618,3,1,1,3,3,3
620,3,1,4,3,3,3
621,4,4,4,3,4,3
622,4,3,2,1,1,3
623,4,2,4,4,3,3
624,3,1,4,2,3,3
625,1,2,2,3,3,3
626,2,1,4,3,3,3
630,1,4,2,3,3,3
631,3,4,4,3,4,3
632,4,4,3,3,3,3
634,3,3,3,3,3,3
635,2,2,2,2,3,3
638,3,4,3,3,2,3
639,4,2,2,3,4,3
641,2,1,4,4,3,4
643,2,4,4,3,2,4
644,2,1,3,3,3,3
645,3,2,3,3,3,3
647,3,1,4,3,3,3
648,1,2,3,4,2,3
649,4,2,4,3,2,3
650,1,2,3,1,3,3
652,4,1,4,3,2,3
653,4,1,4,4,4,4
655,3,1,3,2,2,3
656,3,4,3,2,3,3
657,2,4,4,4,2,3
659,4,3,2,3,3,3
661,4,2,3,2,2,3
662,1,3,4,2,3,3
663,3,4,2,3,3,3
664,1,4,1,1,2,3
665,3,1,2,4,2,3
666,3,3,4,3,3,3
667,1,3,2,3,3,3
669,3,3,3,3,3,3
671,4,4,1,4,3,3
675,3,1,4,3,3,4
677,3,3,4,3,3,3
679,4,1,4,2,3,3
680,3,3,3,3,3,4
682,1,4,4,4,3,4
683,4,2,4,2,3,3
684,1,1,4,3,3,3
686,4,3,3,3,3,3
689,3,3,3,3,3,3
690,3,2,1,2,3,3
691,4,2,2,3,1,3
692,4,3,3,1,3,4
698,2,3,3,4,3,3
699,2,2,3,3,2,3
700,4,1,4,3,2,3
701,3,4,4,3,3,3
702,1,1,1,3,3,3
704,3,3,3,3,2,3
705,1,1,1,4,4,3
707,2,4,3,3,4,4
709,4,4,1,3,2,4
710,4,2,4,3,1,3
712,2,2,4,3,4,3
714,4,4,2,3,4,4
715,4,4,1,3,4,3
716,3,4,3,3,4,3
717,2,4,2,4,2,3
720,3,1,1,3,3,3
721,3,4,1,3,2,3
722,4,4,4,2,3,3
723,3,2,1,3,3,3
724,4,2,3,2,4,3
725,1,3,4,3,3,3
727,4,3,4,3,3,3
728,1,4,4,3,3,3
729,1,4,3,3,2,4
730,3,3,3,3,4,3
731,4,2,2,2,2,3
732,1,1,4,3,3,3
733,1,4,3,2,3,4
734,3,4,2,3,2,3
738,2,4,4,3,3,3
741,2,1,4,3,1,3
742,1,1,1,3,4,3
743,3,3,4,4,3,3
744,3,1,3,3,1,3
746,3,4,4,2,3,3
747,4,3,4,2,3,4
749,3,3,3,3,3,3
752,3,3,4,3,4,3
754,4,4,3,3,2,3
757,3,2,4,3,3,3
758,1,2,4,4,3,3
760,2,3,3,1,4,3
762,4,3,3,2,3,3
763,4,4,4,2,2,4
764,1,4,1,1,2,3
766,2,4,4,3,3,3
769,4,4,4,3,3,3
771,1,4,1,4,3,3
772,4,1,4,3,3,3
773,3,4,2,1,3,3
775,1,2,3,3,3,3
776,1,3,1,4,2,3
780,4,4,3,2,3,3
781,4,3,2,2,3,4
783,3,2,1,3,1,3
784,3,1,4,3,4,3
785,3,2,4,3,4,3
786,4,4,3,3,3,4
787,1,4,4,3,3,3
789,1,1,2,3,2,3
791,4,4,1,3,3,3
792,4,1,1,3,1,3
793,3,2,1,2,3,3
796,1,4,3,2,2,3
797,4,2,3,3,4,3
799,1,4,2,3,3,3
800,4,3,2,3,3,3
802,1,4,2,2,3,3
803,1,1,4,3,4,3
804,1,3,3,3,2,3
805,4,1,2,2,3,3
806,3,4,3,3,1,4
807,2,3,4,3,4,4
808,1,3,2,3,3,3
809,4,2,2,2,3,3
811,1,3,3,3,4,4
812,2,3,3,3,2,3
813,3,4,2,3,3,4
815,3,3,4,3,3,3
816,1,2,4,3,2,3
817,3,3,4,4,3,3
819,1,1,3,3,3,3
820,4,3,3,2,3,3
823,2,3,1,3,3,3
824,3,3,3,3,4,4
825,2,4,4,3,3,3
826,3,4,3,3,4,3
827,4,4,4,3,2,3
828,3,3,4,2,3,3
829,2,3,2,3,3,3
830,3,3,3,3,2,3
832,3,1,4,3,2,3
833,4,3,2,2,2,4
834,3,2,4,3,2,3
836,2,2,4,2,3,3
837,1,1,3,2,2,3
838,4,3,3,3,2,3
840,4,3,1,4,3,3
842,4,3,3,2,3,3
843,1,2,3,3,3,4
844,4,3,2,3,2,3
845,3,3,2,4,3,4
846,2,2,1,3,3,4
847,4,3,3,1,3,3
848,3,3,1,3,2,3
850,4,4,3,2,3,3
851,3,1,3,2,3,3
852,2,4,4,2,3,3
854,1,1,3,2,4,3
855,1,1,1,3,4,4
856,1,3,4,2,2,3
857,4,2,4,2,3,3
859,4,2,3,2,3,3
861,4,2,2,2,2,3
862,4,1,4,3,2,3
864,1,4,3,3,3,3
865,3,3,3,2,4,3
867,4,3,3,3,2,4
868,3,4,4,3,2,3
869,4,2,4,3,2,3
872,4,4,1,1,2,4
874,4,1,3,2,4,4
875,4,2,4,3,3,3
878,1,1,3,3,2,4
879,1,3,4,3,3,3
880,3,4,2,3,2,4
881,2,4,1,2,3,3
882,4,4,2,3,3,3
885,1,3,1,4,2,3
887,1,3,2,3,3,3
888,4,1,4,2,2,3
889,2,2,4,3,3,3
893,2,2,4,3,2,3
894,4,3,2,2,4,3
895,4,4,2,3,3,3
896,3,2,3,3,2,3
897,4,1,3,3,3,3
899,2,4,1,3,2,3
900,4,3,2,3,3,3
901,4,4,3,3,3,3
902,4,4,2,2,3,3
903,4,3,1,3,3,4
904,2,1,4,3,3,3
905,1,1,4,3,3,3
909,4,4,3,3,2,3
910,2,4,3,4,3,3
911,4,1,3,1,3,4
912,4,1,3,3,2,3
913,1,2,4,3,3,3
916,4,1,2,3,3,3
918,4,4,4,2,2,3
920,2,1,3,4,3,4
922,3,3,4,2,2,3
923,4,4,1,2,3,3
924,4,3,1,2,3,3
925,4,4,1,2,2,3
926,3,2,1,4,3,3
927,4,2,3,2,1,3
930,3,3,2,3,3,3
932,1,4,4,1,3,4
933,3,2,3,3,3,3
934,2,2,2,3,3,3
936,3,3,1,3,2,3
939,1,3,2,3,2,3
940,2,3,4,3,2,3
941,3,2,2,4,2,3
942,4,4,4,1,3,4
944,2,1,3,2,3,3
945,3,4,1,2,3,3
947,3,4,4,2,3,3
949,4,2,3,3,3,3
950,1,4,2,3,3,3
951,2,3,3,3,2,4
952,2,3,3,3,2,3
954,2,1,2,2,2,3
956,1,3,2,3,2,3
957,1,4,3,3,3,3
958,3,3,3,3,3,4
959,2,4,2,4,2,3
960,1,1,2,3,3,3
961,4,4,3,1,3,3
964,2,4,4,3,3,3
966,1,3,3,4,3,3
967,4,3,1,3,2,3
969,4,2,1,3,2,3
970,3,1,3,1,2,3
972,2,3,2,2,3,3
974,4,3,2,3,3,3
975,3,3,2,3,3,3
976,4,4,2,2,3,3
977,3,4,1,3,3,4
981,3,3,3,4,3,3
982,3,3,1,4,3,3
983,4,3,2,3,3,3
984,4,4,2,3,3,3
985,3,1,4,3,4,3
986,2,2,4,2,4,3
987,3,3,3,4,4,3
990,4,1,4,3,3,3
991,1,3,1,3,2,4
992,3,4,4,3,3,3
994,1,4,3,3,2,4
995,4,2,1,3,3,3
996,4,4,4,3,3,3
997,4,4,3,2,3,4
998,2,3,1,3,4,3
999,3,1,2,4,3,3
1001,2,3,2,3,3,3
1002,1,4,3,3,3,3
1003,4,4,3,3,3,3
1004,3,1,2,3,3,3
1005,3,4,4,3,3,3
1006,3,3,2,2,3,3
1007,3,4,2,3,3,3
1009,3,4,2,3,2,3
1010,2,3,4,1,2,4
1011,1,3,3,3,3,3
1012,4,2,4,3,3,3
1013,3,3,3,3,3,3
1014,3,3,3,2,3,3
1015,1,2,3,2,4,3
1016,1,4,1,3,2,3
1017,2,2,1,3,3,3
1018,4,4,2,3,4,3
1019,1,2,1,2,1,3
1022,3,1,4,3,2,3
1024,3,3,2,3,2,3
1025,3,4,2,3,3,3
1026,4,4,3,3,2,3
1027,4,1,2,3,3,3
1028,4,2,1,2,3,4
1029,3,4,2,4,3,3
1030,4,1,2,3,3,3
1032,4,3,1,3,2,3
1033,2,1,1,1,1,3
1034,2,3,4,3,3,3
1035,3,2,2,3,1,4
1036,4,2,3,3,3,3
1037,1,2,4,3,1,3
1038,4,1,4,3,1,3
1039,4,4,3,3,4,3
1040,3,4,1,3,3,3
1042,1,3,3,3,4,3
1043,1,4,3,3,3,3
1044,4,2,4,2,2,3
1045,4,4,2,4,3,3
1046,3,4,2,3,3,3
1047,4,2,4,2,4,3
1048,4,2,3,1,3,3
1049,2,2,1,3,3,3
1050,2,3,1,3,2,3
1052,3,1,2,2,3,3
1053,1,1,2,3,3,3
1055,3,3,4,3,3,3
1056,2,4,2,3,3,4
1060,3,3,1,3,3,3
1061,3,2,4,2,3,3
1062,2,4,1,2,3,3
1066,1,3,2,2,3,3
1068,3,1,3,3,2,3
1069,4,4,4,3,3,3
1070,3,3,2,3,2,3
1071,3,1,2,3,3,3
1073,4,4,2,2,2,3
1074,1,3,2,4,2,3
1076,4,3,3,3,2,3
1077,4,4,2,3,3,3
1079,1,3,1,2,2,3
1080,1,4,1,3,2,4
1081,3,1,3,4,3,3
1082,1,2,1,2,2,3
1083,1,1,1,3,2,3
1084,1,3,3,2,3,3
1085,3,2,3,3,4,3
1088,3,3,1,2,2,3
1092,4,1,4,3,3,4
1094,3,1,4,3,1,3
1096,2,4,2,3,3,3
1097,3,3,4,4,3,3
1098,1,2,4,3,2,3
1099,4,4,3,3,2,3
1100,1,4,1,3,3,4
1101,3,1,2,3,2,4
1102,3,1,4,2,3,3
1103,4,1,3,2,3,3
1105,4,4,3,3,2,3
1106,4,4,2,4,3,3
1107,3,1,3,2,3,4
1108,2,1,2,3,2,4
1109,1,4,4,3,3,3
1111,2,1,1,3,2,3
1113,3,4,4,3,3,3
1114,2,4,3,3,3,3
1115,4,3,4,3,2,3
1116,4,1,3,2,4,4
1117,3,2,4,3,2,3
1118,2,2,4,3,3,3
1119,3,3,2,3,2,3
1120,4,3,1,3,3,4
1121,2,4,2,2,3,3
1124,3,1,4,3,3,3
1125,2,4,3,3,3,3
1126,1,3,3,3,3,3
1127,4,1,4,3,3,3
1128,3,3,1,4,2,3
1131,2,4,3,4,2,3
1132,2,3,3,2,3,3
1133,4,1,1,3,3,4
1135,4,3,1,3,4,3
1136,2,1,1,1,2,3
1137,4,4,4,3,3,3
1138,2,4,2,3,2,3
1140,3,4,4,2,3,3
1143,2,4,4,2,3,3
1148,4,2,1,3,1,3
1150,4,2,3,2,2,3
1152,3,3,4,4,4,3
1154,3,3,4,3,2,3
1156,3,3,4,3,3,3
1157,1,1,1,3,3,3
1158,4,2,1,3,3,3
1160,3,3,3,2,3,3
1161,4,3,3,3,2,3
1162,3,4,3,3,2,3
1163,3,2,1,2,3,4
1164,3,3,2,1,3,3
1165,1,4,1,1,2,3
1166,3,2,3,2,3,3
1167,1,3,2,2,3,3
1171,1,2,4,4,3,3
1172,3,4,2,3,2,3
1173,2,4,4,3,3,4
1175,4,3,4,2,3,3
1177,4,1,2,3,4,4
1179,3,3,1,3,2,3
1180,4,3,4,1,2,3
1182,2,3,2,4,2,3
1184,1,4,3,3,2,4
1185,4,4,2,4,2,3
1188,3,1,2,2,1,3
1190,1,3,3,3,3,3
1191,1,4,4,3,3,3
1192,4,2,1,3,3,3
1193,1,3,3,3,3,4
1195,3,1,3,2,3,3
1196,4,4,2,2,2,3
1198,3,1,1,2,2,3
1200,3,3,3,3,3,3
1201,3,4,2,3,3,3
1202,4,2,1,2,1,3
1203,4,3,2,3,2,3
1204,1,3,1,3,3,4
1206,3,4,4,3,1,3
1207,3,2,4,3,3,3
1210,1,1,1,1,2,3
1211,1,3,3,3,3,3
1212,2,2,4,3,3,3
1215,1,4,3,3,3,4
1216,1,4,3,3,2,3
1217,2,4,1,3,3,3
1218,1,3,4,3,3,3
1219,2,4,1,1,3,3
1220,3,2,1,2,3,3
1221,3,3,3,3,1,3
1224,3,3,1,2,3,3
1225,4,4,2,3,3,4
1226,4,3,4,3,4,3
1228,4,4,3,2,3,3
1231,1,4,1,4,4,3
1233,4,2,2,3,4,3
1234,2,3,3,3,2,4
1235,3,4,4,3,3,3
1237,1,3,3,3,1,4
1238,4,1,2,3,3,3
1239,2,2,2,4,2,3
1240,4,3,2,3,3,3
1241,2,4,1,3,3,4
1242,1,1,3,3,3,3
1243,4,3,2,2,2,3
1244,1,1,4,2,3,3
1245,3,4,1,1,3,3
1246,4,1,4,3,4,3
1248,2,1,2,4,2,4
1249,4,1,1,3,3,3
1250,4,4,1,3,3,3
1251,1,3,4,2,3,3
1252,1,3,2,3,2,3
1254,4,3,4,3,2,3
1255,4,3,2,3,1,3
1256,3,1,3,4,2,3
1257,2,3,3,2,3,3
1258,2,4,3,2,4,3
1259,3,1,2,3,3,3
1260,4,3,2,3,3,3
1263,4,4,3,4,2,3
1264,4,4,2,2,2,3
1265,3,3,4,2,4,3
1267,2,2,3,3,3,3
1268,3,4,4,3,4,3
1269,4,2,4,3,4,3
1270,3,4,4,3,3,4
1273,4,3,4,3,1,3
1275,4,3,2,2,3,4
1277,2,1,1,3,1,3
1278,2,4,4,3,2,3
1279,3,1,3,1,2,4
1280,2,4,3,3,2,3
1281,1,3,4,3,3,3
1282,2,4,1,2,3,4
1283,4,4,4,2,3,3
1285,2,3,3,4,3,3
1286,3,4,3,2,3,3
1288,1,3,4,2,4,3
1289,2,3,4,4,2,3
1291,3,3,4,3,3,3
1292,2,2,4,3,4,3
1293,4,4,4,4,2,3
1294,2,3,4,3,3,3
1295,4,1,4,3,3,3
1296,4,4,2,3,2,3
1297,3,2,2,2,2,3
1298,3,3,3,3,3,3
1299,3,2,1,3,3,3
1301,1,4,2,2,3,3
1303,2,4,4,2,3,3
1304,4,3,3,4,4,3
1306,2,2,3,3,3,4
1307,2,3,4,3,2,3
1308,3,1,4,3,3,3
1309,3,4,1,3,3,3
1310,1,3,1,3,3,3
1311,4,1,1,3,2,3
1312,3,4,1,3,3,3
1314,1,4,3,4,3,3
1315,4,3,1,3,1,3
1317,1,4,2,3,3,3
1318,2,4,3,3,2,3
1319,2,2,3,2,3,3
1321,1,2,4,3,3,4
1322,3,1,1,3,3,3
1324,3,4,1,2,3,3
1329,2,3,1,3,1,3
1331,2,4,1,4,3,3
1333,1,1,3,4,3,3
1334,3,3,4,2,3,3
1336,3,4,4,3,1,3
1338,2,4,1,3,3,3
1340,3,3,2,3,3,3
1344,4,4,4,2,3,3
1346,4,3,3,3,3,3
1349,1,3,4,3,3,3
1350,3,3,2,3,3,3
1352,2,3,2,3,3,3
1355,1,2,4,3,3,3
1356,1,3,4,4,3,3
1358,4,4,3,2,3,3
1360,1,3,4,2,2,3
1361,2,2,3,3,3,4
1362,1,1,4,2,4,3
1363,4,4,3,3,3,3
1364,4,3,2,3,4,3
1367,2,4,2,2,2,3
1368,4,4,3,4,3,3
1369,4,4,2,3,2,3
1371,4,4,2,3,1,4
1372,3,1,3,2,4,3
1373,2,4,1,3,3,3
1374,3,1,3,3,2,4
1375,3,2,2,3,4,4
1377,3,2,1,3,3,3
1379,4,3,3,4,2,3
1380,3,4,3,2,3,3
1382,3,4,4,3,4,3
1383,4,3,4,4,3,3
1387,1,3,3,3,2,3
1389,3,4,4,2,3,3
1390,4,1,4,4,2,3
1391,2,2,2,3,3,3
1392,4,4,1,2,3,3
1394,3,3,4,3,3,3
1395,4,2,1,4,3,3
1396,2,3,1,2,3,3
1397,3,3,2,3,3,4
1399,3,1,2,2,4,3
1401,3,4,2,2,4,3
1402,3,1,1,1,2,3
1403,4,4,4,3,2,3
1405,3,4,4,3,3,3
1407,4,1,4,3,2,3
1408,1,3,3,3,3,3
1409,1,3,3,1,3,3
1411,3,1,1,3,3,3
1412,4,3,3,3,3,3
1415,4,1,2,2,3,3
1417,1,3,4,3,4,3
1419,1,2,1,2,2,3
1420,1,1,1,3,2,4
1421,4,3,1,3,3,3
1422,4,4,4,2,3,3
1423,1,4,3,3,3,4
1424,4,2,4,4,4,3
1425,2,1,4,3,3,3
1427,3,2,2,3,1,3
1428,1,4,2,3,3,3
1430,2,1,3,4,3,3
1431,1,4,3,3,3,3
1433,2,1,3,4,2,3
1434,1,2,2,4,3,3
1435,4,1,3,2,2,3
1436,1,3,1,2,2,3
1438,4,1,3,2,3,3
1439,1,1,1,3,2,3
1440,3,3,1,1,4,3
1441,1,1,4,4,3,4
1443,3,1,2,4,3,3
1445,3,4,3,3,3,3
1446,4,4,3,2,3,3
1447,2,4,1,2,2,3
1448,3,2,1,2,4,3
1449,3,3,3,4,3,3
1453,4,1,1,3,3,3
1457,4,1,1,4,3,3
1458,1,1,2,4,2,4
1459,2,3,1,3,4,3
1460,1,2,2,3,1,3
1461,2,4,4,3,4,3
1464,4,2,3,1,3,3
1465,4,2,4,4,3,3
1466,1,3,1,3,3,3
1467,3,1,4,3,3,3
1468,2,4,3,3,2,3
1469,1,4,4,3,3,3
1471,3,3,4,3,2,3
1472,2,4,2,2,4,3
1473,3,1,2,2,3,3
1474,3,3,3,4,3,3
1475,2,4,3,2,3,3
1477,1,4,1,3,3,3
1478,1,4,4,3,1,3
1479,3,4,3,2,3,3
1480,4,1,3,3,3,3
1481,3,1,3,2,3,3
1482,3,3,2,2,3,3
1483,3,2,1,2,4,4
1484,2,3,2,3,3,3
1485,1,2,4,2,3,3
1486,3,1,4,4,3,3
1487,2,1,1,1,3,3
1489,2,1,3,4,2,4
1492,3,4,1,3,3,3
1494,1,2,3,2,3,3
1495,2,4,3,3,3,3
1496,3,2,2,2,3,3
1497,3,3,3,3,2,3
1499,3,3,1,4,3,4
1501,3,4,2,3,3,3
1502,2,1,4,3,2,3
1503,3,3,3,2,3,3
1504,1,3,3,2,2,3
1506,3,1,4,1,2,3
1507,1,3,4,3,3,3
1509,1,3,1,3,2,4
1513,2,4,3,3,3,3
1514,2,3,2,2,1,3
1515,3,4,1,3,3,3
1516,4,3,2,4,3,4
1520,4,2,1,3,3,4
1522,1,1,3,1,2,3
1523,1,4,3,4,3,3
1525,2,2,4,3,3,3
1527,2,3,4,4,3,3
1529,2,4,4,1,2,3
1533,3,1,2,3,3,3
1534,1,4,2,1,3,3
1535,3,4,4,3,2,3
1537,3,4,1,1,3,3
1539,4,3,4,3,1,3
1541,3,2,2,3,3,4
1542,2,3,2,3,2,3
1543,4,1,1,3,3,3
1544,1,3,3,3,1,3
1545,2,4,4,3,2,3
1546,4,4,4,3,3,4
1547,4,4,3,1,3,3
1548,1,1,4,4,3,3
1549,3,2,2,3,3,3
1550,4,3,4,3,3,4
1551,1,3,2,3,2,3
1552,4,4,3,3,3,3
1553,2,1,1,3,3,3
1554,3,2,1,3,2,4
1555,2,4,1,3,2,3
1556,4,3,4,2,3,4
1557,3,3,3,3,3,3
1558,3,3,1,2,4,3
1560,1,1,4,1,3,3
1562,1,2,4,3,2,3
1563,3,3,3,3,3,3
1564,1,4,2,3,2,3
1568,2,3,2,3,3,3
1569,1,1,4,3,3,3
1572,4,3,2,3,2,3
1573,2,3,1,3,3,3
1574,1,4,2,2,3,3
1576,1,3,4,2,3,3
1577,4,1,3,1,3,3
1578,4,3,3,3,2,4
1580,4,2,2,2,3,3
1581,4,1,1,3,3,4
1582,2,3,4,3,3,3
1583,2,2,2,4,3,3
1585,3,2,1,3,3,3
1586,1,2,4,3,3,3
1587,3,1,3,3,3,3
1588,3,4,1,3,4,3
1590,4,1,4,4,3,3
1591,3,3,3,3,3,3
1592,3,4,4,3,4,3
1594,1,1,4,3,4,3
1595,4,4,4,3,2,4
1596,3,2,4,2,4,3
1597,3,4,2,2,2,3
1598,1,4,3,3,3,3
1599,2,4,3,3,4,3
1601,4,3,4,2,2,3
1602,1,4,2,1,4,3
1604,2,3,3,3,3,3
1605,3,2,2,2,2,3
1606,3,2,3,3,3,3
1607,4,2,4,3,4,3
1608,4,2,4,2,3,3
1609,2,2,2,2,2,3
1611,1,3,1,3,1,3
1612,1,1,1,3,2,3
1613,1,4,4,3,3,3
1614,3,3,2,3,3,3
1615,4,3,1,3,4,3
1617,1,3,4,2,3,3
1618,1,2,4,3,3,3
1619,1,4,1,3,2,3
1621,1,2,4,3,4,3
1622,1,2,2,2,1,4
1623,4,3,3,3,3,3
1624,4,2,3,4,3,3
1625,3,4,3,3,3,3
1627,3,3,4,3,2,3
1628,3,1,4,3,2,3
1630,3,3,4,3,3,3
1631,3,3,1,2,3,3
1633,3,1,4,1,3,3
1635,4,4,1,3,2,3
1638,3,4,4,4,2,3
1639,1,4,3,3,2,3
1640,2,2,1,1,3,3
1641,4,3,4,2,3,3
1642,4,1,3,3,3,3
1644,4,3,2,3,2,4
1645,4,1,4,2,1,3
1646,4,1,3,3,3,3
1647,3,2,1,3,4,3
1648,4,4,3,2,3,3
1649,1,1,2,1,3,3
1650,3,3,3,3,2,3
1651,1,2,3,3,3,3
1653,3,4,3,3,4,3
1654,2,4,3,3,3,4
1655,2,1,2,3,3,3
1656,1,4,3,3,2,3
1657,3,3,1,3,3,3
1658,2,4,3,3,3,3
1659,2,1,3,3,3,3
1661,3,3,2,3,2,3
1662,3,4,3,3,2,3
1664,1,4,1,3,4,4
1665,3,2,3,3,3,4
1666,3,3,1,3,2,4
1667,4,4,1,4,3,4
1668,4,4,4,4,3,3
1669,2,1,2,2,2,3
1670,4,4,3,3,3,3
1671,2,4,3,2,3,3
1673,4,1,1,3,3,3
1674,1,4,2,2,3,3
1675,2,4,2,3,2,4
1676,2,2,3,3,4,3
1677,3,3,1,3,3,3
1678,3,4,4,3,3,3
1680,1,4,1,3,3,3
1681,4,3,3,3,3,4
1682,3,1,2,2,3,3
1683,4,3,1,3,3,3
1684,3,4,1,3,2,3
1687,3,4,4,2,3,3
1689,4,2,3,3,4,3
1691,3,4,3,3,3,3
1692,2,4,1,3,3,3
1693,4,4,3,3,3,4
1694,2,1,4,3,2,3
1696,4,2,3,4,2,3
1697,4,3,3,4,1,4
1698,2,2,4,3,4,3
1700,4,3,3,2,1,3
1701,4,2,2,3,2,3
1702,4,3,2,3,3,4
1703,4,3,2,3,4,3
1704,4,1,3,4,2,3
1706,4,4,1,3,3,3
1707,3,3,4,3,4,3
1708,3,4,2,3,3,3
1709,3,4,3,3,3,3
1710,4,3,3,2,3,3
1712,3,3,4,2,2,4
1714,3,4,3,3,1,3
1716,3,3,3,1,1,3
1718,3,4,3,4,1,3
1719,2,4,3,3,2,3
1720,3,1,1,2,3,3
1721,3,2,4,4,3,3
1722,2,3,2,3,1,3
1724,1,2,2,3,3,3
1725,1,2,2,4,3,3
1727,2,3,4,3,3,3
1728,3,4,2,3,3,3
1729,4,2,2,2,3,3
1731,2,3,4,1,3,3
1732,4,3,2,2,3,3
1733,1,2,2,3,2,3
1734,2,1,2,3,1,3
1735,2,3,3,1,3,3
1736,4,4,4,2,3,4
1737,4,4,4,3,3,3
1739,3,4,3,1,1,3
1740,2,2,2,2,3,3
1744,3,3,3,4,1,4
1745,1,4,4,3,2,3
1746,4,1,4,3,3,3
1747,4,3,3,2,2,3
1749,3,1,3,3,3,3
1751,4,3,3,2,3,3
1752,2,2,3,3,1,3
1753,3,4,4,4,4,3
1754,1,3,1,3,2,3
1755,4,4,1,3,4,3
1756,2,4,4,2,3,3
1757,4,4,3,4,3,3
1758,1,1,3,2,3,4
1760,2,3,2,2,2,3
1761,3,1,1,3,3,3
1762,1,4,3,3,2,3
1763,3,3,3,3,4,3
1764,2,2,2,3,3,3
1766,4,2,3,3,1,3
1767,3,3,4,3,2,3
1768,2,2,2,2,3,4
1770,1,3,2,3,2,3
1771,2,4,4,2,3,3
1772,1,3,2,3,3,4
1774,3,4,3,3,3,3
1775,3,1,4,2,2,4
1778,4,2,2,3,3,3
1779,4,4,1,3,1,3
1780,2,2,2,3,3,3
1782,3,4,2,3,2,3
1783,1,3,3,3,3,3
1784,4,1,1,3,2,3
1786,3,1,4,3,3,3
1787,2,2,1,3,2,3
1789,4,3,3,3,3,3
1790,1,4,4,3,3,3
1792,2,3,3,2,3,3
1794,2,3,3,2,3,3
1797,4,3,4,3,3,3
1798,1,4,2,3,4,3
1799,4,3,3,4,3,3
1800,3,3,3,3,3,4
1801,2,2,3,3,2,3
1802,1,3,4,2,3,3
1803,1,2,3,2,4,3
1804,4,2,3,3,3,3
1805,2,1,4,3,3,3
1807,1,4,3,2,3,3
1809,1,4,2,1,3,3
1812,4,3,4,3,3,3
1813,3,1,3,2,3,3
1814,2,2,1,1,4,3
1815,3,3,4,4,3,3
1816,3,1,2,3,3,3
1818,2,4,3,3,3,3
1821,2,4,4,4,3,4
1822,4,3,4,3,3,3
1823,3,2,3,3,4,4
1824,2,2,4,2,3,4
1826,3,2,2,4,1,3
1827,2,3,3,3,2,3
1829,1,2,2,3,3,3
1830,4,4,2,2,3,3
1833,1,1,4,3,3,3
1834,1,3,3,3,3,4
1835,4,2,1,2,1,4
1836,4,3,1,3,3,3
1837,3,1,2,3,3,3
1839,3,2,3,1,3,3
1842,1,4,3,3,4,3
1844,1,1,4,3,2,3
1845,3,3,2,4,3,4
1847,2,4,4,3,3,4
1849,4,1,3,3,3,4
1850,4,4,3,2,3,3
1852,4,4,2,4,3,3
1853,4,4,3,4,3,3
1854,3,3,2,2,3,4
1856,3,2,3,3,3,3
1857,4,4,3,2,3,3
1858,4,3,2,3,3,3
1859,3,4,4,3,1,3
1860,3,4,4,3,3,3
1862,2,3,3,2,2,3
1863,1,1,4,3,4,3
1864,3,2,4,3,2,4
1865,2,4,4,3,2,3
1866,3,1,4,3,2,3
1867,2,4,4,3,2,3
1868,4,4,2,2,2,4
1869,2,3,3,3,3,4
1870,1,4,4,2,2,3
1871,4,4,2,3,3,3
1873,4,2,2,4,2,4
1875,2,2,4,3,3,3
1876,4,2,3,2,3,3
1878,2,4,1,3,3,4
1880,3,2,1,3,2,3
1881,3,2,1,3,3,3
1882,4,3,4,3,3,3
1883,1,4,2,3,3,3
1885,1,4,3,3,3,4
1886,2,4,4,3,2,3
1888,4,2,4,2,2,3
1890,4,2,4,2,2,4
1892,1,1,1,3,3,3
1893,3,2,3,2,2,3
1898,3,1,2,2,4,3
1900,4,4,2,3,3,3
1903,1,2,4,3,4,3
1905,1,4,2,3,1,4
1907,4,1,4,3,3,3
1908,2,3,3,1,2,3
1909,2,3,3,3,3,4
1911,1,3,2,4,3,3
1912,4,3,4,3,3,3
1915,4,4,3,2,2,3
1916,3,1,2,2,4,3
1918,4,3,1,3,4,3
1922,3,2,3,3,3,3
1924,3,2,2,2,3,3
1927,4,3,3,3,2,3
1928,1,3,4,3,4,3
1929,3,1,3,3,1,3
1931,2,2,3,2,3,3
1932,4,3,2,3,2,3
1933,3,4,4,3,3,3
1934,2,3,3,4,3,3
1935,1,4,3,3,2,3
1936,1,1,4,3,3,4
1937,2,4,3,3,2,3
1938,4,4,3,2,3,3
1939,3,1,1,3,4,3
1940,4,2,4,4,3,3
1941,4,2,4,3,3,3
1943,4,2,3,3,3,3
1944,2,1,1,3,2,3
1945,1,2,4,1,3,3
1947,3,3,3,2,3,3
1948,1,3,4,4,3,3
1949,2,1,2,3,4,4
1950,4,1,1,2,3,4
1951,3,4,3,2,3,3
1952,1,3,4,2,3,3
1954,1,1,1,2,3,3
1955,4,3,2,3,3,3
1956,1,4,2,3,1,4
1960,4,3,1,2,2,3
1961,1,1,1,2,2,3
1962,4,3,4,3,3,3
1965,4,4,1,3,3,3
1966,4,4,2,3,2,4
1967,4,1,3,3,3,3
1968,1,1,2,2,3,3
1969,3,1,3,2,3,3
1970,3,4,3,3,3,4
1971,3,1,2,3,3,3
1972,2,4,2,3,3,3
1973,2,3,1,3,4,3
1974,4,4,3,3,1,3
1975,1,2,1,3,3,3
1976,3,4,4,3,2,3
1979,3,3,3,4,3,4
1980,1,3,4,3,3,3
1981,3,2,2,2,2,3
1982,4,4,3,4,3,3
1985,3,4,1,4,3,3
1986,2,2,3,3,3,3
1987,2,3,3,3,3,3
1989,2,4,3,2,3,3
1992,3,4,3,2,3,3
1993,3,1,2,3,3,4
1994,3,2,3,2,2,3
1995,2,4,1,3,3,3
1996,3,1,3,3,3,3
1997,3,1,4,3,2,3
1998,1,4,3,2,3,3
1999,4,4,1,3,3,4
2000,2,3,1,1,3,3
2003,3,4,3,3,3,3
2007,3,4,4,4,3,3
2008,3,2,2,3,3,3
2009,4,2,1,3,3,3
2010,2,3,3,3,2,3
2012,4,1,3,2,3,3
2013,2,2,2,3,2,3
2014,4,1,1,3,3,3
2015,3,2,1,3,1,3
2016,4,3,3,3,3,3
2017,4,3,1,3,4,4
2018,3,1,2,2,3,4
2019,4,1,2,2,3,3
2020,4,2,3,3,3,3
2021,1,3,4,3,3,3
2022,4,4,3,2,3,3
2023,1,4,1,2,3,3
2024,4,1,3,3,2,3
2025,2,4,2,3,3,3
2026,3,3,1,2,3,4
2027,4,1,2,4,3,3
2031,3,1,1,2,3,3
2032,3,4,4,1,3,3
2034,2,1,3,3,2,4
2035,3,4,4,3,2,4
2036,4,4,1,2,1,4
2037,2,3,3,3,2,3
2038,1,4,4,3,3,3
2040,4,3,3,3,3,3
2041,4,1,3,3,3,3
2044,3,2,4,3,3,3
2045,4,2,1,2,2,3
2046,3,4,3,3,3,3
2048,3,3,4,3,2,3
2049,3,3,4,4,3,3
2051,3,3,2,3,3,3
2052,4,3,4,3,1,3
2053,2,4,1,3,2,3
2054,1,4,2,1,2,3
2055,1,4,2,3,2,3
2056,4,2,1,2,2,3
2057,1,2,2,3,3,3
2060,3,4,4,3,2,3
2061,4,3,3,3,4,3
2062,1,4,1,3,2,3
2064,2,2,2,3,4,4
2065,2,4,4,2,2,3
2068,3,2,1,4,4,3
